Word,Frequency
die,71
der,30
war,25
ein,22
maschine,15
produktion,13
waren,12
hat,10
qualität,10
ausschuss,8
wurde,8
auf,7
hoch,7
effizienz,7
eine,6
werden,6
stabil,6
verlief,5
jedoch,5
umstellung,5
schicht,5
in,5
aufgrund,5
den,4
anpassungen,4
rückmeldungen,4
gab,4
teile,4
zeigte,4
positiv,4
und,4
während,4
probleme,4
über,4
zu,4
ohne,4
wartung,4
störungen,4
erfolgreich,4
notwendig,4
einen,3
erforderlich,3
reibungslos,3
als,3
unerwarteter,3
zur,3
musste,3
es,3
materialverbrauch,3
nennenswerten,3
durch,3
keine,3
das,3
maschinenleistung,3
gut,3
neues,3
betrieb,3
lief,3
insgesamt,3
sehr,3
festgestellt,3
zeitweise,2
neuen,2
dem,2
gestört,2
defekt,2
wurden,2
produzierten,2
gestoppt,2
positive,2
plötzlicher,2
weitere,2
für,2
eines,2
minimal,2
stillstand,2
überdurchschnittlich,2
softwareupdate,2
verbessert,2
von,2
materialmangel,2
material,2
schwierigkeiten,2
gewöhnlich,2
effizient,2
an,2
unerwartete,2
konstant,2
konsistent,2
team,2
produktionsfluss,2
fertigung,2
führte,2
arbeit,2
gute,2
hervorragende,2
vorfälle,2
bei,2
zusätzliche,2
technische,2
gesamte,2
trotz,2
was,2
produzierbarkeit,2
maschinenpark,2
im,2
häufige,2
kalibrierungen,2
arbeitete,2
optimal,1
alle,1
parameter,1
grünen,1
bereich,1
reduzierte,1
blieb,1
kleinerer,1
setup,1
neue,1
linie,1
ist,1
vorbildlich,1
langsamer,1
produktionsbeginn,1
technischer,1
parametrierungsprozess,1
schwierig,1
längere,1
anlaufphase,1
bevor,1
startete,1
reinigungsprozesse,1
umfangreicher,1
stabiler,1
arbeitsablauf,1
mit,1
minimalen,1
abweichungen,1
sollte,1
des,1
alters,1
bald,1
modernisiert,1
umstellungen,1
maschinenparameter,1
verliefen,1
anstieg,1
regelmäßige,1
dazu,1
beigetragen,1
minimieren,1
beeinträchtigt,1
extrem,1
niedrig,1
gesamten,1
produktionsqualität,1
sich,1
höherem,1
gehalten,1
störung,1
verzögerung,1
beim,1
produktionsstart,1
leistung,1
benötigte,1
zeit,1
anspruch,1
nahm,1
details,1
sollten,1
besser,1
dokumentiert,1
um,1
zukünftige,1
vermeiden,1
unregelmäßigkeiten,1
hinweg,1
schneller,1
vermutlich,1
materialfehlern,1
effizienter,1
maschinentechnik,1
erforderten,1
sofortige,1
aufmerksamkeit,1
produktionslinie,1
koordiniert,1
gefertigten,1
begegnete,1
unerwarteten,1
hatte,1
einem,1
rückstau,1
kurze,1
unterbrechungen,1
vom,1
system,1
verursacht,1
unregelmäßigen,1
hohes,1
maß,1
beobachtet,1
oft,1
überlastet,1
produkte,1
beeinträchtigten,1
produktionsgeschwindigkeit,1
geleistet,1
materialengpass,1
abläufe,1
verlangsamt,1
softwarefehler,1
kurzen,1
stillständen,1
muss,1
dringend,1
gewartet,1
haben,1
verfahren,1
rücklaufquote,1
alles,1
produktionsprozess,1
erfolg,1
elektroschaden,1
mehr,1
vibrationen,1
höher,1
erwartet,1
analyse,1
gründliche,1
stabilisiert,1
mechanisches,1
problem,1
ineffizient,1
fertigungsqualität,1
besonderen,1
anforderungen,1
keinen,1
produktionskran,1
soll,1
software,1
kurzzeitig,1
mechanik,1
nachjustierungen,1
kontinuierlich,1
rückgang,1
hohe,1
abnutzungspuren,1
hoher,1
grund,1
unklar,1
erfordert,1
tests,1
prozessoptimierung,1
externe,1
faktoren,1
beeinflusst,1
nachjustierung,1
gelungen,1
kein,1
erforderte,1
mitarbeiter,1
durchweg,1
fehlermeldungen,1
guter,1
traten,1
gelegentlich,1
nicht,1
schwerwiegend,1
erwartete,1
qualitätssteigerungen,1
liefen,1
erhöhten,1
defekts,1
erreicht,1
schnell,1
behoben,1
leistete,1
prozesskontrolle,1
wiederhergestellt,1
allgemeinen,1
variabel,1
durchschnittlich,1
stark,1
abhängig,1
langfristiges,1
könnte,1
sein,1
softwarefehlers,1
trat,1
maschinen,1
lag,1
zielwert,1
maßnahmen,1
qualitätskontrolle,1
gemischt,1
analysen,1
verfügte,1
schulungen,1
hilfreich,1
reibungslosen,1
ablauf,1
defektes,1
teil,1
umgehend,1
ausgetauscht,1
mehrmals,1
angehalten,1
stieg,1
gewahrt,1
unerwartet,1
untersuchungen,1
überwachung,1
prozesse,1
maschinenläufe,1
verlangte,1
nach,1
sofortiger,1
intervention,1
tägliche,1
herausforderungen,1
erkannt,1
adressiert,1
laufende,1
erfahrung,1
stabile,1
betriebsbedingungen,1
